theta,odd,unit
0.400,0.000000,0.000000
0.405,0.000000,0.000000
0.410,0.000000,0.000000
0.415,0.000000,0.000000
0.420,0.000000,0.000000
0.425,0.000000,0.000000
0.430,0.000000,0.000000
0.435,0.000000,0.000000
0.440,0.000000,0.000000
0.445,0.000000,0.000000
0.450,0.000000,0.000000
0.455,0.000000,0.000000
0.460,0.000000,0.000000
0.465,0.000000,0.000000
0.470,0.000000,0.000000
0.475,0.000000,0.000000
0.480,0.000000,0.000000
0.485,0.000000,0.000000
0.490,0.000000,0.000000
0.495,0.000000,0.000000
0.500,0.000000,0.000000
0.505,0.000000,0.000000
0.510,0.000000,0.000001
0.515,0.000001,0.000001
0.520,0.000001,0.000001
0.525,0.000002,0.000002
0.530,0.000004,0.000003
0.535,0.000007,0.000006
0.540,0.000013,0.000012
0.545,0.000026,0.000026
0.550,0.000036,0.000036
0.555,0.000051,0.000052
0.560,0.000072,0.000072
0.565,0.000103,0.000105
0.570,0.000136,0.000137
0.575,0.000218,0.000212
0.580,0.000329,0.000334
0.585,0.000389,0.000392
0.590,0.000541,0.000543
0.595,0.000678,0.000675
0.600,0.000909,0.000909
0.605,0.001088,0.001082
0.610,0.001345,0.001334
0.615,0.001704,0.001693
0.620,0.002164,0.002180
0.625,0.003740,0.003734
0.630,0.004130,0.004149
0.635,0.005486,0.005473
0.640,0.005843,0.005840
0.645,0.006346,0.006327
0.650,0.008093,0.008088
0.655,0.008523,0.008521
0.660,0.009518,0.009542
0.665,0.010875,0.010917
0.670,0.012354,0.012384
0.675,0.014373,0.014323
0.680,0.016777,0.016677
0.685,0.021708,0.022078
0.690,0.032461,0.032475
0.695,0.033176,0.033122
0.700,0.034354,0.034369
0.705,0.035350,0.035377
0.710,0.036573,0.036592
0.715,0.038448,0.038461
0.720,0.040659,0.040576
0.725,0.043928,0.043961
0.730,0.052327,0.052317
0.735,0.054992,0.054990
0.740,0.062658,0.062646
0.745,0.064592,0.064534
0.750,0.067425,0.067415
0.755,0.074276,0.074274
0.760,0.080096,0.080018
0.765,0.083158,0.083065
0.770,0.089044,0.088976
0.775,0.097324,0.097237
0.780,0.107424,0.107509
0.785,0.116551,0.116765
0.790,0.126137,0.126591
0.795,0.140973,0.140689
0.800,0.223213,0.223166
0.805,0.224955,0.225026
0.810,0.229153,0.229201
0.815,0.232786,0.232735
0.820,0.236335,0.236270
0.825,0.238126,0.238121
0.830,0.243025,0.242990
0.835,0.246557,0.246655
0.840,0.253960,0.254115
0.845,0.258946,0.259095
0.850,0.266002,0.265923
0.855,0.279106,0.278523
0.860,0.326935,0.326916
0.865,0.329696,0.329661
0.870,0.333666,0.333587
0.875,0.336296,0.336254
0.880,0.339679,0.339641
0.885,0.343059,0.343049
0.890,0.346771,0.346893
0.895,0.352427,0.352555
0.900,0.357387,0.357306
0.905,0.366190,0.365970
0.910,0.400870,0.400880
0.915,0.406105,0.406067
0.920,0.413927,0.413767
0.925,0.440820,0.440953
0.930,0.445045,0.445184
0.935,0.450908,0.450893
0.940,0.460348,0.460581
0.945,0.482164,0.482143
0.950,0.500511,0.500594
0.955,0.507631,0.507812
0.960,0.523079,0.522893
0.965,0.531959,0.531999
0.970,0.554995,0.554499
0.975,0.571053,0.570901
0.980,0.596170,0.595771
0.985,0.618821,0.618882
0.990,0.649476,0.650469
0.995,0.690419,0.691220
1.000,1.000000,1.000000
